StartDate,EndDate,Status,IPAddress,Progress,Duration (in seconds),Finished,RecordedDate,ResponseId,RecipientLastName,RecipientFirstName,RecipientEmail,ExternalReference,LocationLatitude,LocationLongitude,DistributionChannel,UserLanguage,Participation Code,Q1,Experience_1,Experience_2,Experience_3,Experience_4,Experience_5
Start Date,End Date,Response Type,IP Address,Progress,Duration (in seconds),Finished,Recorded Date,Response ID,Recipient Last Name,Recipient First Name,Recipient Email,External Data Reference,Location Latitude,Location Longitude,Distribution Channel,User Language,Enter your participation code,Which level did you play?,Please use the sliders to answer each question below - Mental Demand: How mentally demanding was the task?,Please use the sliders to answer each question below - Temporal Demand: How hurried or rushed was the pace of the task?,Please use the sliders to answer each question below - Performance: How successful were you in accomplishing what you were asked to do?,Please use the sliders to answer each question below - Effort: How hard did you have to work to accomplish your level of performance?,"Please use the sliders to answer each question below - Frustration: How insecure, discouraged, irritated, stressed, and annoyed were you?"
"{""ImportId"":""startDate"",""timeZone"":""America/Denver""}","{""ImportId"":""endDate"",""timeZone"":""America/Denver""}","{""ImportId"":""status""}","{""ImportId"":""ipAddress""}","{""ImportId"":""progress""}","{""ImportId"":""duration""}","{""ImportId"":""finished""}","{""ImportId"":""recordedDate"",""timeZone"":""America/Denver""}","{""ImportId"":""_recordId""}","{""ImportId"":""recipientLastName""}","{""ImportId"":""recipientFirstName""}","{""ImportId"":""recipientEmail""}","{""ImportId"":""externalDataReference""}","{""ImportId"":""locationLatitude""}","{""ImportId"":""locationLongitude""}","{""ImportId"":""distributionChannel""}","{""ImportId"":""userLanguage""}","{""ImportId"":""QID1_TEXT""}","{""ImportId"":""QID19""}","{""ImportId"":""QID2_1""}","{""ImportId"":""QID2_3""}","{""ImportId"":""QID2_4""}","{""ImportId"":""QID2_5""}","{""ImportId"":""QID2_6""}"
2025-05-26 03:13:47,2025-05-26 03:14:11,IP Address,62.194.3.155,100,24,True,2025-05-26 03:14:11,R_2GkTefhtaBS8Y81,,,,,52.2271,5.1775,anonymous,EN,0,Minneapolis,90,85,20,70,25
2025-05-26 03:14:14,2025-05-26 03:14:33,IP Address,62.194.3.155,100,19,True,2025-05-26 03:14:34,R_2ESC6ImM8wGUJBx,,,,,52.2271,5.1775,anonymous,EN,0,Chicago,70,65,50,50,50
2025-05-26 03:14:37,2025-05-26 03:14:59,IP Address,62.194.3.155,100,21,True,2025-05-26 03:14:59,R_2hcOjzjaV1iNB8k,,,,,52.2271,5.1775,anonymous,EN,0,Denver,20,20,60,65,25
2025-05-27 01:26:14,2025-05-27 01:53:12,IP Address,62.194.3.155,100,1617,True,2025-05-27 01:53:13,R_8GkpSlRHur7ORZK,,,,,52.2271,5.1775,anonymous,EN,1,Minneapolis,65,65,30,70,60
2025-05-27 01:26:16,2025-05-27 01:57:19,IP Address,62.194.3.155,100,1863,True,2025-05-27 01:57:20,R_81GGDf57pmjSQhs,,,,,52.2271,5.1775,anonymous,EN,1,Chicago,75,85,20,80,75
2025-05-27 01:26:18,2025-05-27 02:01:34,IP Address,62.194.3.155,100,2116,True,2025-05-27 02:01:35,R_8QQTo3AOWWvJZbb,,,,,52.2271,5.1775,anonymous,EN,1,Denver,55,65,60,55,45
2025-05-27 02:16:29,2025-05-27 02:26:14,IP Address,62.194.3.155,100,585,True,2025-05-27 02:26:15,R_8IEDWb2vflIxh85,,,,,52.2271,5.1775,anonymous,EN,2,Minneapolis,75,75,0,90,90
2025-05-27 02:16:33,2025-05-27 02:30:25,IP Address,62.194.3.155,100,831,True,2025-05-27 02:30:25,R_8AeMuDrWDyLsWS5,,,,,52.2271,5.1775,anonymous,EN,2,Denver,65,65,25,65,65
2025-05-27 02:16:41,2025-05-27 02:34:21,IP Address,62.194.3.155,100,1060,True,2025-05-27 02:34:22,R_82WjbdesyMr6j7o,,,,,52.2271,5.1775,anonymous,EN,2,Chicago,60,65,55,65,60
2025-05-27 09:03:21,2025-05-27 09:13:02,IP Address,77.249.113.209,100,580,True,2025-05-27 09:13:02,R_22XziaeqcECTOvA,,,,,52.3528,4.8584,anonymous,EN,3,Denver,20,35,25,30,5
2025-05-27 09:03:26,2025-05-27 09:16:59,IP Address,77.249.113.209,100,812,True,2025-05-27 09:16:59,R_80pYEADsluvV4MO,,,,,52.3528,4.8584,anonymous,EN,3,Minneapolis,30,75,55,,65
2025-05-27 09:03:30,2025-05-27 09:20:40,IP Address,77.249.113.209,100,1029,True,2025-05-27 09:20:40,R_21hJcJhnd7EaZjl,,,,,52.3528,4.8584,anonymous,EN,3,Chicago,25,35,65,45,45
2025-05-27 09:23:43,2025-05-27 10:05:38,IP Address,77.249.113.209,100,2515,True,2025-05-27 10:05:38,R_2UtRWoiSTlqwJS9,,,,,52.3528,4.8584,anonymous,EN,4,Denver,95,85,5,90,90
2025-05-27 09:23:45,2025-05-27 10:10:04,IP Address,77.249.113.209,100,2779,True,2025-05-27 10:10:04,R_2g59B0m9PQEJl63,,,,,52.3528,4.8584,anonymous,EN,4,Chicago,70,70,20,80,75
2025-05-27 09:23:47,2025-05-27 10:14:15,IP Address,77.249.113.209,100,3028,True,2025-05-27 10:14:15,R_2HUoqnAgcQOhzn2,,,,,52.3528,4.8584,anonymous,EN,4,Minneapolis,85,75,20,90,75
2025-05-27 10:21:33,2025-05-27 10:34:54,IP Address,77.249.113.209,100,800,True,2025-05-27 10:34:54,R_2CCpqXdTJIJaZVW,,,,,52.3528,4.8584,anonymous,EN,5,Chicago,65,65,25,70,60
2025-05-27 10:21:35,2025-05-27 10:39:26,IP Address,77.249.113.209,100,1071,True,2025-05-27 10:39:26,R_83x72jD1AJDFcJq,,,,,52.3528,4.8584,anonymous,EN,5,Denver,80,,35,60,80
2025-05-27 10:21:37,2025-05-27 10:43:34,IP Address,77.249.113.209,100,1317,True,2025-05-27 10:43:35,R_8hzQeebr4OBaCtM,,,,,52.3528,4.8584,anonymous,EN,5,Minneapolis,35,35,45,35,40
2025-05-27 10:49:56,2025-05-27 11:01:58,IP Address,77.249.113.209,100,721,True,2025-05-27 11:01:58,R_2WGap0L3MxALJVq,,,,,52.3528,4.8584,anonymous,EN,6,Chicago,65,70,15,75,95
2025-05-27 10:49:57,2025-05-27 11:05:54,IP Address,77.249.113.209,100,957,True,2025-05-27 11:05:55,R_8IQMiS5Ofgq8qq9,,,,,52.3528,4.8584,anonymous,EN,6,Minneapolis,40,40,70,55,25
2025-05-27 10:49:58,2025-05-27 11:09:50,IP Address,77.249.113.209,100,1191,True,2025-05-27 11:09:50,R_21jmjwYprXI0BZ4,,,,,52.3528,4.8584,anonymous,EN,6,Denver,60,35,20,90,40
2025-05-27 11:14:36,2025-05-27 13:29:17,IP Address,77.249.113.209,100,8081,True,2025-05-27 13:29:18,R_2YRqdGkWRRTE9uV,,,,,52.3528,4.8584,anonymous,EN,7,Minneapolis,15,15,20,80,60
2025-05-27 11:14:37,2025-05-27 13:34:42,IP Address,77.249.113.209,100,8404,True,2025-05-27 13:34:42,R_2k1aM3aweSiknqu,,,,,52.3528,4.8584,anonymous,EN,7,Chicago,55,60,35,65,50
2025-05-27 11:14:39,2025-05-27 13:37:56,IP Address,77.249.113.209,100,8596,True,2025-05-27 13:37:56,R_21iN3x10rV8yHuD,,,,,52.3528,4.8584,anonymous,EN,7,Denver,55,45,70,40,20
2025-05-27 13:50:58,2025-05-27 13:58:52,IP Address,77.174.178.117,100,474,True,2025-05-27 13:58:52,R_8fV0Yj9HuVwcnyf,,,,,52.3528,4.8584,anonymous,EN,8,Minneapolis,70,25,25,90,5
2025-05-27 13:50:59,2025-05-27 14:02:37,IP Address,77.174.178.117,100,698,True,2025-05-27 14:02:38,R_8K241Hc9YhM0SWJ,,,,,52.3528,4.8584,anonymous,EN,8,Denver,100,30,10,80,10
2025-05-27 13:51:00,2025-05-27 14:06:26,IP Address,77.174.178.117,100,926,True,2025-05-27 14:06:26,R_83xV3T8MsGwHRL5,,,,,52.3528,4.8584,anonymous,EN,8,Chicago,60,10,85,65,25
2025-05-27 14:20:00,2025-05-27 14:31:45,IP Address,77.174.178.117,100,704,True,2025-05-27 14:31:46,R_8qO3794mlgSxaxL,,,,,52.3564,4.8802,anonymous,EN,9,Denver,65,70,30,70,70
2025-05-27 14:20:03,2025-05-27 14:36:52,IP Address,77.174.178.117,100,1009,True,2025-05-27 14:36:53,R_8mfWE2WYPf3scvI,,,,,52.3564,4.8802,anonymous,EN,9,Minneapolis,15,25,80,20,15
2025-05-27 14:20:04,2025-05-27 14:41:09,IP Address,77.174.178.117,100,1264,True,2025-05-27 14:41:09,R_8uWnDWdtPejjZZY,,,,,52.3564,4.8802,anonymous,EN,9,Chicago,75,45,25,80,80
2025-05-28 04:23:44,2025-05-28 04:47:11,IP Address,62.194.3.155,100,1406,True,2025-05-28 04:47:11,R_2kYwgM5GArE3D8f,,,,,52.2271,5.1775,anonymous,EN,10,Denver,60,60,50,85,60
2025-05-28 04:23:45,2025-05-28 04:52:12,IP Address,62.194.3.155,100,1706,True,2025-05-28 04:52:12,R_2ltsyUS1G0qJ2rQ,,,,,52.2271,5.1775,anonymous,EN,10,Chicago,40,55,75,60,30
2025-05-28 04:23:46,2025-05-28 04:56:36,IP Address,62.194.3.155,100,1970,True,2025-05-28 04:56:37,R_2jwvOYBUY03elPZ,,,,,52.2271,5.1775,anonymous,EN,10,Minneapolis,70,60,50,70,60
2025-05-28 06:35:04,2025-05-28 06:46:20,IP Address,89.205.163.43,100,675,True,2025-05-28 06:46:21,R_8vdnnlkjm1LUo0x,,,,,51.9168,4.4553,anonymous,EN,11,Chicago,35,60,,35,45
2025-05-28 06:35:07,2025-05-28 06:51:48,IP Address,89.205.163.43,100,1000,True,2025-05-28 06:51:48,R_8vK5pNfjkuJ8iVH,,,,,51.9168,4.4553,anonymous,EN,11,Denver,60,45,40,40,55
2025-05-28 06:35:08,2025-05-28 06:57:09,IP Address,89.205.163.43,100,1321,True,2025-05-28 06:57:10,R_2i2Oo7wM93KfqEX,,,,,51.9168,4.4553,anonymous,EN,11,Minneapolis,65,45,40,60,35
2025-05-28 08:25:10,2025-05-28 08:45:11,IP Address,62.194.3.155,100,1200,True,2025-05-28 08:45:11,R_2R1RmpdYsB4KUCc,,,,,52.2271,5.1775,anonymous,EN,12,Chicago,10,30,75,10,10
2025-05-28 08:25:12,2025-05-28 08:49:19,IP Address,62.194.3.155,100,1447,True,2025-05-28 08:49:20,R_8Do2q71ok42v85F,,,,,52.2271,5.1775,anonymous,EN,12,Minneapolis,10,10,75,20,10
2025-05-28 08:25:14,2025-05-28 08:54:04,IP Address,62.194.3.155,100,1730,True,2025-05-28 08:54:04,R_8TjAZ2RWqcGLqoN,,,,,52.2271,5.1775,anonymous,EN,12,Denver,25,55,30,60,45
2025-05-28 09:00:15,2025-05-28 09:08:02,IP Address,62.194.3.155,100,467,True,2025-05-28 09:08:03,R_2pcklzUnwA8zJju,,,,,52.2271,5.1775,anonymous,EN,13,Minneapolis,65,60,35,60,75
2025-05-28 09:00:18,2025-05-28 09:12:16,IP Address,62.194.3.155,100,718,True,2025-05-28 09:12:16,R_2Ye33g6r9aqQoUx,,,,,52.2271,5.1775,anonymous,EN,13,Chicago,55,40,75,65,60
2025-05-28 09:00:20,2025-05-28 09:16:21,IP Address,62.194.3.155,100,961,True,2025-05-28 09:16:22,R_2ePknI6NsCgppC1,,,,,52.2271,5.1775,anonymous,EN,13,Denver,75,25,70,45,65
2025-05-29 01:01:37,2025-05-29 01:13:40,IP Address,62.194.3.155,100,722,True,2025-05-29 01:13:40,R_2EsvBW49M5s6ojN,,,,,52.2271,5.1775,anonymous,EN,14,Minneapolis,65,65,45,65,20
2025-05-29 01:01:39,2025-05-29 01:18:02,IP Address,62.194.3.155,100,982,True,2025-05-29 01:18:02,R_2YRrGqqUTFtClbr,,,,,52.2271,5.1775,anonymous,EN,14,Denver,75,75,45,65,40
2025-05-29 01:01:41,2025-05-29 01:22:33,IP Address,62.194.3.155,100,1251,True,2025-05-29 01:22:33,R_2bOfFzVxxBTSmEC,,,,,52.2271,5.1775,anonymous,EN,14,Chicago,70,45,45,55,30
2025-05-29 11:34:52,2025-05-29 11:51:03,IP Address,62.194.3.155,100,970,True,2025-05-29 11:51:03,R_2lDNCfMP9NGwFRq,,,,,52.2283,5.1971,anonymous,EN,15,Denver,65,85,35,75,
2025-05-29 11:34:54,2025-05-29 11:55:28,IP Address,62.194.3.155,100,1234,True,2025-05-29 11:55:29,R_2pRS3ELOk0PgftZ,,,,,52.2283,5.1971,anonymous,EN,15,Minneapolis,,30,85,35,10
2025-05-29 11:34:55,2025-05-29 11:59:33,IP Address,62.194.3.155,100,1478,True,2025-05-29 11:59:34,R_2valzDZ0kD5qYVP,,,,,52.2283,5.1971,anonymous,EN,15,Chicago,60,50,,60,25
2025-05-29 12:07:24,2025-05-29 12:17:09,IP Address,62.194.3.155,100,584,True,2025-05-29 12:17:09,R_2t06kCyg9u35YQU,,,,,52.2283,5.1971,anonymous,EN,16,Denver,85,70,10,80,70
2025-05-29 12:07:25,2025-05-29 12:21:05,IP Address,62.194.3.155,100,819,True,2025-05-29 12:21:05,R_8lYvyCXdLW716RX,,,,,52.2283,5.1971,anonymous,EN,16,Chicago,35,40,65,60,50
2025-05-29 12:07:26,2025-05-29 12:24:42,IP Address,62.194.3.155,100,1035,True,2025-05-29 12:24:42,R_8K1DBMG47iVveWu,,,,,52.2283,5.1971,anonymous,EN,16,Minneapolis,65,60,45,35,60
2025-05-30 05:04:54,2025-05-30 05:13:06,IP Address,62.194.3.155,100,492,True,2025-05-30 05:13:07,R_8gYs8NqJ5o57gMJ,,,,,52.2283,5.1971,anonymous,EN,17,Chicago,65,65,30,60,60
2025-05-30 05:04:55,2025-05-30 05:17:29,IP Address,62.194.3.155,100,753,True,2025-05-30 05:17:29,R_8OIXiAATAbdLCiB,,,,,52.2283,5.1971,anonymous,EN,17,Minneapolis,40,35,45,60,35
2025-05-30 05:04:57,2025-05-30 05:21:46,IP Address,62.194.3.155,100,1008,True,2025-05-30 05:21:46,R_8ZCXLA3iJpHrSu2,,,,,52.2283,5.1971,anonymous,EN,17,Denver,25,30,25,25,10
2025-05-30 05:50:39,2025-05-30 06:14:33,IP Address,178.230.146.173,100,1434,True,2025-05-30 06:14:34,R_8J8bxzXzBUEUGh2,,,,,52.2283,5.1971,anonymous,EN,18,Chicago,55,20,55,45,75
2025-05-30 05:50:44,2025-05-30 06:18:34,IP Address,178.230.146.173,100,1670,True,2025-05-30 06:18:35,R_8JzlTlnyP9VP8R3,,,,,52.2283,5.1971,anonymous,EN,18,Denver,45,30,60,20,60
2025-05-30 05:50:45,2025-05-30 06:22:10,IP Address,178.230.146.173,100,1884,True,2025-05-30 06:22:11,R_8NwWKvi9EfsZXVu,,,,,52.2283,5.1971,anonymous,EN,18,Minneapolis,30,75,85,15,40
2025-05-30 06:29:43,2025-05-30 06:38:36,IP Address,178.230.146.173,100,533,True,2025-05-30 06:38:37,R_26mc3ZMgEZWxEaz,,,,,51.9082,4.5019,anonymous,EN,19,Minneapolis,60,50,25,60,70
2025-05-30 06:29:48,2025-05-30 06:43:00,IP Address,178.230.146.173,100,792,True,2025-05-30 06:43:00,R_8PdSZlwbEU5KJ62,,,,,51.9082,4.5019,anonymous,EN,19,Chicago,50,60,25,60,70
2025-05-30 06:29:49,2025-05-30 06:46:57,IP Address,178.230.146.173,100,1027,True,2025-05-30 06:46:57,R_84N1GzxsX65wn4w,,,,,51.9082,4.5019,anonymous,EN,19,Denver,60,60,25,60,25
2025-05-30 06:56:19,2025-05-30 07:07:44,IP Address,178.230.146.173,100,685,True,2025-05-30 07:07:45,R_8qscXKI0CzDxpWu,,,,,51.9082,4.5019,anonymous,EN,20,Minneapolis,35,45,35,60,55
2025-05-30 06:56:20,2025-05-30 07:12:14,IP Address,178.230.146.173,100,953,True,2025-05-30 07:12:14,R_8SDHiCUGFoRF1ck,,,,,51.9082,4.5019,anonymous,EN,20,Denver,60,60,40,65,65
2025-05-30 06:56:21,2025-05-30 07:16:35,IP Address,178.230.146.173,100,1213,True,2025-05-30 07:16:35,R_80P00vAbIqVY5Ko,,,,,51.9082,4.5019,anonymous,EN,20,Chicago,55,55,55,60,60
2025-05-31 04:21:42,2025-05-31 04:44:51,IP Address,62.194.3.155,100,1389,True,2025-05-31 04:44:52,R_8JkobKXeIpDgUy9,,,,,52.2283,5.1971,anonymous,EN,21,Denver,75,65,35,75,65
2025-05-31 04:21:43,2025-05-31 04:49:32,IP Address,62.194.3.155,100,1668,True,2025-05-31 04:49:32,R_8M3Urmr39bZVRnU,,,,,52.2283,5.1971,anonymous,EN,21,Minneapolis,65,65,45,75,75
2025-05-31 04:21:45,2025-05-31 04:53:35,IP Address,62.194.3.155,100,1910,True,2025-05-31 04:53:35,R_8fwo9hmmxZlESJz,,,,,52.2283,5.1971,anonymous,EN,21,Chicago,85,80,30,90,90
2025-06-01 04:22:26,2025-06-01 04:30:13,IP Address,62.194.3.155,100,467,True,2025-06-01 04:30:14,R_2IWyS67MWmV2jeT,,,,,52.2283,5.1971,anonymous,EN,22,Denver,70,30,15,65,70
2025-06-01 04:22:27,2025-06-01 04:34:44,IP Address,62.194.3.155,100,737,True,2025-06-01 04:34:45,R_8wA7crEOG8l9E1H,,,,,52.2283,5.1971,anonymous,EN,22,Chicago,40,30,60,40,35
2025-06-01 04:22:29,2025-06-01 04:38:51,IP Address,62.194.3.155,100,982,True,2025-06-01 04:38:52,R_2JltBp1rc1XAaL8,,,,,52.2283,5.1971,anonymous,EN,22,Minneapolis,35,25,85,30,15
2025-06-01 04:56:06,2025-06-01 05:17:31,IP Address,62.194.3.155,100,1284,True,2025-06-01 05:17:31,R_26lsRetG3Luiunm,,,,,52.2283,5.1971,anonymous,EN,23,Chicago,25,60,65,55,10
2025-06-01 04:56:09,2025-06-01 05:22:24,IP Address,62.194.3.155,100,1574,True,2025-06-01 05:22:24,R_8xV6i8MDJRRcnkJ,,,,,52.2283,5.1971,anonymous,EN,23,Denver,70,75,60,75,15
2025-06-01 04:56:11,2025-06-01 05:26:48,IP Address,62.194.3.155,100,1837,True,2025-06-01 05:26:49,R_21YY3P0KR7ZUYBX,,,,,52.2283,5.1971,anonymous,EN,23,Minneapolis,70,80,65,75,15
2025-06-03 01:19:40,2025-06-03 01:20:50,IP Address,145.109.7.164,100,70,True,2025-06-03 01:20:50,R_2xXgBGyPiYQrNMS,,,,,52.352,4.9392,anonymous,EN,24,Chicago,25,65,0,50,0
2025-06-03 01:19:41,2025-06-03 01:24:40,IP Address,145.109.7.164,100,298,True,2025-06-03 01:24:40,R_8sYKWg6EkF8GGsz,,,,,52.352,4.9392,anonymous,EN,24,Minneapolis,40,60,0,0,0
2025-06-03 01:19:43,2025-06-03 01:29:12,IP Address,145.109.7.164,100,568,True,2025-06-03 01:29:13,R_8Szes0wAV5ivhLz,,,,,52.352,4.9392,anonymous,EN,24,Denver,25,60,0,15,25
2025-06-03 01:31:41,2025-06-03 01:57:59,IP Address,145.109.7.164,100,1577,True,2025-06-03 01:57:59,R_8e2JSw8JQSl249a,,,,,52.352,4.9392,anonymous,EN,25,Minneapolis,75,25,35,70,70
2025-06-03 01:31:42,2025-06-03 02:01:46,IP Address,145.109.7.164,100,1804,True,2025-06-03 02:01:46,R_2Ic4FBh8QfCHAaR,,,,,52.352,4.9392,anonymous,EN,25,Chicago,80,75,0,80,100
2025-06-03 01:31:43,2025-06-03 02:05:36,IP Address,145.109.7.164,100,2033,True,2025-06-03 02:05:36,R_8atVmvGtYUXSUSt,,,,,52.352,4.9392,anonymous,EN,25,Denver,40,20,25,65,80
2025-06-03 03:13:35,2025-06-03 03:21:02,IP Address,145.109.7.164,100,447,True,2025-06-03 03:21:03,R_8YOitjYskEEvuHD,,,,,52.352,4.9392,anonymous,EN,26,Minneapolis,80,65,,75,70
2025-06-03 03:13:36,2025-06-03 03:25:10,IP Address,145.109.7.164,100,693,True,2025-06-03 03:25:11,R_20D6KUcq01NM7Fn,,,,,52.352,4.9392,anonymous,EN,26,Denver,80,75,35,80,55
2025-06-03 03:13:38,2025-06-03 03:28:59,IP Address,145.109.7.164,100,921,True,2025-06-03 03:29:00,R_2CrJEEUQF9Mn3yJ,,,,,52.352,4.9392,anonymous,EN,26,Chicago,90,95,35,80,85
2025-06-03 04:32:37,2025-06-03 05:07:10,IP Address,145.109.7.164,100,2073,True,2025-06-03 05:07:10,R_84fv4716NReiRfH,,,,,52.352,4.9392,anonymous,EN,27,Denver,75,60,30,70,65
2025-06-03 04:32:39,2025-06-03 05:11:05,IP Address,145.109.7.164,100,2306,True,2025-06-03 05:11:06,R_8SAdufTgRuh8R7f,,,,,52.352,4.9392,anonymous,EN,27,Minneapolis,50,60,70,60,35
2025-06-03 04:32:40,2025-06-03 05:14:50,IP Address,145.109.7.164,100,2530,True,2025-06-03 05:14:51,R_2Ca5wnV7as0iD9z,,,,,52.352,4.9392,anonymous,EN,27,Chicago,45,40,65,45,50
2025-06-03 05:21:33,2025-06-03 05:33:08,IP Address,145.109.7.164,100,695,True,2025-06-03 05:33:09,R_2JRs4dYqKrM1p4t,,,,,52.352,4.9392,anonymous,EN,28,Denver,30,65,20,70,75
2025-06-03 05:21:34,2025-06-03 05:37:11,IP Address,145.109.7.164,100,937,True,2025-06-03 05:37:11,R_2DB0kUQWpueCLaV,,,,,52.352,4.9392,anonymous,EN,28,Chicago,25,40,40,65,65
2025-06-03 05:21:35,2025-06-03 05:41:02,IP Address,145.109.7.164,100,1166,True,2025-06-03 05:41:02,R_2ksGV0jpTtMMrx7,,,,,52.352,4.9392,anonymous,EN,28,Minneapolis,40,40,65,60,35
2025-06-03 05:45:19,2025-06-03 05:56:55,IP Address,145.109.7.164,100,696,True,2025-06-03 05:56:56,R_8RecYzGWAUFsuXv,,,,,52.352,4.9392,anonymous,EN,29,Chicago,65,60,35,70,80
2025-06-03 05:45:21,2025-06-03 06:01:22,IP Address,145.109.7.164,100,960,True,2025-06-03 06:01:23,R_8eP1j7qxTcJwBuX,,,,,52.352,4.9392,anonymous,EN,29,Denver,60,50,85,85,95
2025-06-03 05:45:24,2025-06-03 06:05:30,IP Address,145.109.7.164,100,1206,True,2025-06-03 06:05:30,R_88AfMxi87WL0nQJ,,,,,52.352,4.9392,anonymous,EN,29,Minneapolis,70,75,75,95,100
2025-06-04 03:34:20,2025-06-04 03:43:21,IP Address,145.109.54.91,100,540,True,2025-06-04 03:43:22,R_2aJrcDXBRQyA7rE,,,,,52.3179,4.9521,anonymous,EN,30,Chicago,70,80,30,75,60
2025-06-04 03:34:22,2025-06-04 03:47:24,IP Address,145.109.54.91,100,782,True,2025-06-04 03:47:25,R_8Eu93wiqwHH73e9,,,,,52.3179,4.9521,anonymous,EN,30,Minneapolis,50,40,35,40,25
2025-06-04 03:34:23,2025-06-04 03:52:10,IP Address,145.109.54.91,100,1067,True,2025-06-04 03:52:11,R_2TnnBsINcWhN0ze,,,,,52.3179,4.9521,anonymous,EN,30,Denver,60,65,35,65,65
2025-06-04 05:26:18,2025-06-04 05:49:38,IP Address,77.249.113.209,100,1399,True,2025-06-04 05:49:38,R_2ON2nC90FKLy4pj,,,,,52.3528,4.8584,anonymous,EN,31,Minneapolis,65,60,40,75,70
2025-06-04 05:26:19,2025-06-04 05:53:51,IP Address,77.249.113.209,100,1651,True,2025-06-04 05:53:51,R_816wGpJuTyD9EDa,,,,,52.3528,4.8584,anonymous,EN,31,Chicago,70,85,40,80,85
2025-06-04 05:26:21,2025-06-04 05:58:15,IP Address,77.249.113.209,100,1914,True,2025-06-04 05:58:16,R_2oSkuUcyExyLI4N,,,,,52.3528,4.8584,anonymous,EN,31,Denver,55,40,70,65,35
2025-06-04 14:39:18,2025-06-04 14:54:11,IP Address,62.194.3.155,100,893,True,2025-06-04 14:54:12,R_8PdQw2XwMLG0vCy,,,,,52.2283,5.1971,anonymous,EN,32,Minneapolis,,60,35,65,70
2025-06-04 14:39:21,2025-06-04 14:58:48,IP Address,62.194.3.155,100,1167,True,2025-06-04 14:58:48,R_8fE930BexxeAmLy,,,,,52.2283,5.1971,anonymous,EN,32,Denver,65,70,20,70,80
2025-06-04 14:39:21,2025-06-04 15:03:23,IP Address,62.194.3.155,100,1441,True,2025-06-04 15:03:23,R_8s60wH21czNz853,,,,,52.2283,5.1971,anonymous,EN,32,Chicago,60,70,40,70,65
2025-06-05 04:06:02,2025-06-05 04:21:02,IP Address,145.109.17.112,100,899,True,2025-06-05 04:21:02,R_2905hqCwWGG33WK,,,,,52.4414,4.8156,anonymous,EN,33,Denver,70,60,35,70,85
2025-06-05 04:06:03,2025-06-05 04:25:59,IP Address,145.109.36.67,100,1195,True,2025-06-05 04:26:00,R_2rp4e9oft28JZWQ,,,,,52.4414,4.8156,anonymous,EN,33,Minneapolis,60,60,45,65,55
2025-06-05 04:06:05,2025-06-05 04:30:11,IP Address,145.109.36.67,100,1446,True,2025-06-05 04:30:11,R_8YYyxRprZkaonj9,,,,,52.4414,4.8156,anonymous,EN,33,Chicago,65,60,35,70,60
2025-06-05 04:48:51,2025-06-05 05:01:24,IP Address,145.109.36.67,100,753,True,2025-06-05 05:01:25,R_2wn2wpENKhYA0D3,,,,,52.3759,4.8975,anonymous,EN,34,Denver,25,65,30,35,65
2025-06-05 04:48:52,2025-06-05 05:05:39,IP Address,145.109.36.67,100,1006,True,2025-06-05 05:05:39,R_2EBBn5eWnIyijuN,,,,,52.3759,4.8975,anonymous,EN,34,Chicago,30,35,60,35,35
2025-06-05 04:48:54,2025-06-05 05:09:31,IP Address,145.109.36.67,100,1236,True,2025-06-05 05:09:31,R_8GJLHehMSNPkdcr,,,,,52.3759,4.8975,anonymous,EN,34,Minneapolis,35,20,80,25,20
2025-06-05 05:28:16,2025-06-05 05:40:49,IP Address,145.109.36.67,100,753,True,2025-06-05 05:40:49,R_2SigCAX2mgBRBWc,,,,,52.3759,4.8975,anonymous,EN,35,Chicago,80,90,15,85,80
2025-06-05 05:28:17,2025-06-05 05:45:20,IP Address,145.109.36.67,100,1023,True,2025-06-05 05:45:20,R_2p9LJxYETjBt5Lz,,,,,52.3759,4.8975,anonymous,EN,35,Denver,70,90,45,85,80
2025-06-05 05:28:18,2025-06-05 05:49:18,IP Address,145.109.36.67,100,1260,True,2025-06-05 05:49:19,R_2VvL3ojRTsHZBmx,,,,,52.3759,4.8975,anonymous,EN,35,Minneapolis,65,80,95,85,75
2025-06-05 06:05:02,2025-06-05 06:15:21,IP Address,145.109.36.67,100,619,True,2025-06-05 06:15:21,R_8KxPt6VtsnP16fg,,,,,52.3759,4.8975,anonymous,EN,36,Chicago,85,70,80,65,65
2025-06-05 06:05:03,2025-06-05 06:19:39,IP Address,145.109.36.67,100,875,True,2025-06-05 06:19:39,R_8pS82fBWUZMNFPM,,,,,52.3759,4.8975,anonymous,EN,36,Minneapolis,55,60,75,55,60
2025-06-05 06:05:05,2025-06-05 06:24:01,IP Address,145.109.36.67,100,1135,True,2025-06-05 06:24:01,R_8sob7SCbV2R2hvc,,,,,52.3759,4.8975,anonymous,EN,36,Denver,80,40,20,75,80
2025-06-05 07:26:32,2025-06-05 07:38:54,IP Address,145.109.36.67,100,741,True,2025-06-05 07:38:54,R_2rwSDYbG1xIcra9,,,,,52.3759,4.8975,anonymous,EN,37,Minneapolis,20,80,10,25,100
2025-06-05 07:26:34,2025-06-05 07:43:17,IP Address,145.109.36.67,100,1003,True,2025-06-05 07:43:18,R_21Qo0rNf41VoTNZ,,,,,52.3759,4.8975,anonymous,EN,37,Chicago,75,80,15,50,100
2025-06-05 07:26:35,2025-06-05 07:48:56,IP Address,145.109.36.67,100,1341,True,2025-06-05 07:48:57,R_2Qghe4eJTkeg2Xv,,,,,52.3759,4.8975,anonymous,EN,37,Denver,15,10,0,70,100
2025-06-05 10:31:33,2025-06-05 10:38:37,IP Address,77.249.113.209,100,423,True,2025-06-05 10:38:37,R_2NNpCd15SB0BMvn,,,,,52.3528,4.8584,anonymous,EN,38,Minneapolis,50,60,25,65,35
2025-06-05 10:31:35,2025-06-05 10:42:51,IP Address,77.249.113.209,100,676,True,2025-06-05 10:42:51,R_2Cdd5odFHR7iC9j,,,,,52.3528,4.8584,anonymous,EN,38,Denver,55,,25,40,
2025-06-05 10:31:37,2025-06-05 10:47:03,IP Address,77.249.113.209,100,926,True,2025-06-05 10:47:04,R_20SOWx4899Fc3tE,,,,,52.3528,4.8584,anonymous,EN,38,Chicago,50,55,20,50,
2025-06-05 10:53:34,2025-06-05 11:00:30,IP Address,77.249.113.209,100,415,True,2025-06-05 11:00:30,R_8EgInyaPBR8ZQyF,,,,,52.3528,4.8584,anonymous,EN,39,Denver,80,75,5,95,85
2025-06-05 10:53:38,2025-06-05 11:04:33,IP Address,77.249.113.209,100,655,True,2025-06-05 11:04:33,R_8dAYpVsJCTCrK8W,,,,,52.3528,4.8584,anonymous,EN,39,Minneapolis,60,55,70,65,30
2025-06-05 10:53:39,2025-06-05 11:08:36,IP Address,77.249.113.209,100,897,True,2025-06-05 11:08:37,R_8rl7m4kMAocPLeh,,,,,52.3528,4.8584,anonymous,EN,39,Chicago,,35,85,20,35
2025-06-05 12:34:22,2025-06-05 12:43:47,IP Address,77.249.113.209,100,564,True,2025-06-05 12:43:47,R_2ikpX1pZHSk5lf3,,,,,52.3528,4.8584,anonymous,EN,40,Denver,35,60,60,50,40
2025-06-05 12:34:24,2025-06-05 12:48:18,IP Address,77.249.113.209,100,833,True,2025-06-05 12:48:19,R_29drSadkBHP1o8V,,,,,52.3528,4.8584,anonymous,EN,40,Chicago,30,20,75,35,20
2025-06-05 12:34:25,2025-06-05 12:52:12,IP Address,77.249.113.209,100,1066,True,2025-06-05 12:52:13,R_8ezN7nzU5fYg7L1,,,,,52.3528,4.8584,anonymous,EN,40,Minneapolis,40,30,65,60,25
2025-06-06 12:04:10,2025-06-06 12:14:10,IP Address,77.249.113.209,100,599,True,2025-06-06 12:14:11,R_8TYZ7gUhuNgaIKJ,,,,,52.3528,4.8584,anonymous,EN,41,Chicago,60,55,35,60,75
2025-06-06 12:04:11,2025-06-06 12:18:54,IP Address,77.249.113.209,100,883,True,2025-06-06 12:18:54,R_2CAQud53rEYZunu,,,,,52.3528,4.8584,anonymous,EN,41,Denver,80,65,25,80,90
2025-06-06 12:04:12,2025-06-06 12:23:18,IP Address,77.249.113.209,100,1146,True,2025-06-06 12:23:19,R_8O1zLadCAfdpTrl,,,,,52.3528,4.8584,anonymous,EN,41,Minneapolis,65,75,55,60,55
2025-06-07 09:59:32,2025-06-07 10:08:02,IP Address,89.205.172.120,100,510,True,2025-06-07 10:08:03,R_23v6Em9nUKBLcMF,,,,,51.9235,4.4813,anonymous,EN,42,Chicago,100,90,0,95,100
2025-06-07 09:59:33,2025-06-07 10:15:55,IP Address,89.205.172.120,100,981,True,2025-06-07 10:15:55,R_2BQIsAgAGW7wLSh,,,,,51.9235,4.4813,anonymous,EN,42,Minneapolis,90,85,30,75,75
2025-06-07 09:59:35,2025-06-07 10:20:24,IP Address,89.205.172.120,100,1249,True,2025-06-07 10:20:25,R_2PHJCiphYiYlkVk,,,,,51.9235,4.4813,anonymous,EN,42,Denver,95,90,0,90,90
2025-06-08 12:42:33,2025-06-08 12:52:41,IP Address,77.249.113.209,100,608,True,2025-06-08 12:52:42,R_2DewajjxU2KX9h7,,,,,52.3528,4.8584,anonymous,EN,43,Chicago,70,85,30,85,80
2025-06-08 12:42:34,2025-06-08 12:57:04,IP Address,77.249.113.209,100,869,True,2025-06-08 12:57:05,R_2zr2xf8Vbl7XntO,,,,,52.3528,4.8584,anonymous,EN,43,Minneapolis,65,75,65,65,40
2025-06-08 12:42:36,2025-06-08 13:01:36,IP Address,77.249.113.209,100,1140,True,2025-06-08 13:01:37,R_841CMqWkVWzI3bb,,,,,52.3528,4.8584,anonymous,EN,43,Denver,45,25,80,60,60
2025-06-12 01:27:03,2025-06-12 01:54:10,IP Address,77.174.178.117,100,1627,True,2025-06-12 01:54:10,R_2QSvPosVbvaQqw9,,,,,52.3564,4.8802,anonymous,EN,44,Chicago,10,30,35,60,55
2025-06-12 01:27:04,2025-06-12 02:03:10,IP Address,77.174.178.117,100,2165,True,2025-06-12 02:03:10,R_8QzmN21R0HqNgD3,,,,,52.3564,4.8802,anonymous,EN,44,Denver,30,25,30,45,40
2025-06-12 01:27:06,2025-06-12 02:03:57,IP Address,77.174.178.117,100,2210,True,2025-06-12 02:03:57,R_2p3F0nDln5PyzGp,,,,,52.3564,4.8802,anonymous,EN,44,Minneapolis,35,30,55,40,30
